{
  "properties": {
    "connectionReferences": {
      "shared_commondataserviceforapps": {
        "runtimeSource": "embedded",
        "connection": {
          "connectionReferenceLogicalName": "oden_sharedcommondataserviceforapps_080c1"
        },
        "api": {
          "name": "shared_commondataserviceforapps"
        }
      }
    },
    "definition": {
      "$schema": "https://schema.management.azure.com/providers/Microsoft.Logic/schemas/2016-06-01/workflowdefinition.json#",
      "contentVersion": "1.0.0.0",
      "parameters": {
        "$connections": {
          "defaultValue": {},
          "type": "Object"
        },
        "$authentication": {
          "defaultValue": {},
          "type": "SecureObject"
        }
      },
      "triggers": {
        "manual": {
          "metadata": {
            "operationMetadataId": "f0c947ff-1356-4415-8f29-416dfc5d0532"
          },
          "type": "Request",
          "kind": "PowerApp",
          "inputs": {
            "schema": {
              "type": "object",
              "properties": {
                "Extractinformationfromidentitydocuments_Identitydocumentfile": {
                  "type": "string",
                  "format": "byte",
                  "description": "Select an identity document to process",
                  "x-ms-powerflows-param-ispartial": false
                }
              },
              "required": [
                "Extractinformationfromidentitydocuments_Identitydocumentfile"
              ]
            }
          }
        }
      },
      "actions": {
        "Extract_information_from_identity_documents": {
          "runAfter": {},
          "metadata": {
            "operationMetadataId": "6d54a009-9eff-4ab4-949f-f6dea6269677",
            "flowSystemMetadata": {
              "portalOperationId": "aibuilderpredict_identitydocumentpretrained",
              "portalOperationGroup": "aibuilder",
              "portalOperationApiDisplayNameOverride": "AI Builder",
              "portalOperationIconOverride": "https://psuxemea.azureedge.net/Content/Images/DesignerOperations/aiBuilderNew.png",
              "portalOperationBrandColorOverride": "#0A76C4",
              "portalOperationApiTierOverride": "Standard"
            }
          },
          "type": "OpenApiConnection",
          "inputs": {
            "host": {
              "connectionName": "shared_commondataserviceforapps",
              "operationId": "aibuilderpredict_identitydocumentpretrained",
              "apiId": "/providers/Microsoft.PowerApps/apis/shared_commondataserviceforapps"
            },
            "parameters": {
              "item/requestv2/base64Encoded": "@triggerBody()['Extractinformationfromidentitydocuments_Identitydocumentfile']"
            },
            "authentication": {
              "type": "Raw",
              "value": "@json(decodeBase64(triggerOutputs().headers['X-MS-APIM-Tokens']))['$ConnectionKey']"
            }
          }
        },
        "Respond_to_a_PowerApp_or_flow": {
          "runAfter": {
            "Add_a_new_row": [
              "Succeeded"
            ]
          },
          "metadata": {
            "operationMetadataId": "3bfec693-c615-4505-8388-2579710a77af"
          },
          "type": "Response",
          "kind": "PowerApp",
          "inputs": {
            "statusCode": 200,
            "body": {
              "recnum": "@outputs('Add_a_new_row')?['body/contactid']"
            },
            "schema": {
              "type": "object",
              "properties": {
                "recnum": {
                  "title": "recnum",
                  "x-ms-dynamically-added": true,
                  "type": "string"
                }
              }
            }
          }
        },
        "Add_a_new_row": {
          "runAfter": {
            "Extract_information_from_identity_documents": [
              "Succeeded"
            ]
          },
          "metadata": {
            "operationMetadataId": "6952a221-9eab-4fe1-9f7a-df764e047050"
          },
          "type": "OpenApiConnection",
          "inputs": {
            "host": {
              "connectionName": "shared_commondataserviceforapps",
              "operationId": "CreateRecord",
              "apiId": "/providers/Microsoft.PowerApps/apis/shared_commondataserviceforapps"
            },
            "parameters": {
              "entityName": "contacts",
              "item/lastname": "@outputs('Extract_information_from_identity_documents')?['body/responsev2/predictionOutput/result/fields/lastName/value']",
              "item/firstname": "@outputs('Extract_information_from_identity_documents')?['body/responsev2/predictionOutput/result/fields/firstName/value']",
              "item/birthdate": "@outputs('Extract_information_from_identity_documents')?['body/responsev2/predictionOutput/result/fields/dateOfBirth/value']",
              "item/governmentid": "@outputs('Extract_information_from_identity_documents')?['body/responsev2/predictionOutput/result/fields/documentNumber/value']",
              "item/cr651_idauthority": "@outputs('Extract_information_from_identity_documents')?['body/responsev2/predictionOutput/result/fields/country/value']",
              "item/cr651_iddateofexpiration": "@outputs('Extract_information_from_identity_documents')?['body/responsev2/predictionOutput/result/fields/dateOfExpiration/value']",
              "item/cr651_nationality": "@outputs('Extract_information_from_identity_documents')?['body/responsev2/predictionOutput/result/fields/region/value']"
            },
            "authentication": {
              "type": "Raw",
              "value": "@json(decodeBase64(triggerOutputs().headers['X-MS-APIM-Tokens']))['$ConnectionKey']"
            }
          }
        }
      }
    }
  },
  "schemaVersion": "1.0.0.0"
}